Power,Python,NumPy,Dask,Torch
3,0.00015887300003214477,0.002700526999944941,0.7354360250000127,0.00856434799999306
4,0.0017257229999927404,0.00010818600003403844,0.010354766999967069,0.00011926900003800256
5,0.02310618700005307,0.0008192550000103438,0.012784155000019837,0.0009024519999911718
6,0.2049326019999853,0.005978484999957345,0.02249160200000233,0.007783929000027001
7,1.2384928679999803,0.039997292000009566,0.12024679899997182,0.07799232700000402
